,diameter,average_shortest_path_length,average_clustering_coefficient,average_degree,n_nodes,n_edges,avg_degree_centrality,name
0,5,2.3236105338723694,0.5392721549504013,30.040100250626566,399,5993,0.07547763882066977,airports
1,8,3.6925068496963913,0.6055467186200871,43.69101262688784,4039,88234,0.010819963503439287,facebook
2,5,2.408199643493761,0.5706384782076823,4.588235294117647,34,78,0.1390374331550802,karate
3,12,4.11027998836412,0.08019255113574139,7.015526315789474,7600,26659,0.0009232170437938511,actor
4,5,3.4499089719780067,0.3961988827541082,14.0,1046,7322,0.013397129186602871,synthetic
