,graph_type,neighbours,prob_reconnect,beta,threshold_infected,iterations,percentage_initially_infected,currently_infected
0,real world,-1,-1.0,0.006500318108395334,0.26982941326362847,17,0.015880696876699088,128
1,real world,-1,-1.0,0.006500318108395334,0.26982941326362847,12,0.015880696876699088,1269
2,real world,-1,-1.0,0.006500318108395334,0.26982941326362847,50,0.016940348438349545,7
3,real world,-1,-1.0,0.006500318108395334,0.26982941326362847,45,0.015880696876699088,2148
4,watts_strogatz,15,0.08619293056751011,0.006500318108395334,0.26982941326362847,42,0.016940348438349545,294
